<?xml version="1.0" encoding="UTF-8"?>
<!DOCTYPE fontscolors PUBLIC "-//NetBeans//DTD Editor Fonts and Colors settings 1.1//EN" "http://www.netbeans.org/dtds/EditorFontsColors-1_1.dtd">
<fontscolors>
    <fontcolor name="mod-abstract"/>
    <fontcolor default="string" name="string"/>
    <fontcolor default="comment" name="javadoc-identifier"/>
    <fontcolor name="mod-public"/>
    <fontcolor default="identifier" name="mod-class"/>
    <fontcolor name="mod-unused" waveUnderlined="ff999999"/>
    <fontcolor default="identifier" name="mod-interface-declaration">
        <font style="bold"/>
    </fontcolor>
    <fontcolor default="method" name="mod-method-declaration">
        <font style="bold+italic"/>
    </fontcolor>
    <fontcolor default="operator" name="operator"/>
    <fontcolor default="keyword" name="keyword-directive"/>
    <fontcolor default="keyword" name="literal"/>
    <fontcolor default="number" name="number"/>
    <fontcolor default="char" name="character"/>
    <fontcolor default="identifier" name="mod-parameter"/>
    <fontcolor name="mod-deprecated" strikeThrough="black"/>
    <fontcolor default="identifier" name="mod-annotation-type"/>
    <fontcolor default="comment" name="javadoc-first-sentence">
        <font style="bold"/>
    </fontcolor>
    <fontcolor default="string" name="string-escape">
        <font style="bold"/>
    </fontcolor>
    <fontcolor default="string" name="string-escape-invalid" waveUnderlined="ffce7b00">
        <font style="bold"/>
    </fontcolor>
    <fontcolor default="keyword" name="keyword"/>
    <fontcolor default="identifier" name="mod-local-variable"/>
    <fontcolor default="identifier" name="identifier"/>
    <fontcolor default="field" name="mod-field"/>
    <fontcolor default="comment" name="javadoc-tag">
        <font style="bold"/>
    </fontcolor>
    <fontcolor default="method" name="mod-method">
        <font style="bold"/>
    </fontcolor>
    <fontcolor default="identifier" name="mod-annotation-type-declaration">
        <font style="bold"/>
    </fontcolor>
    <fontcolor default="identifier" name="mod-interface"/>
    <fontcolor name="mod-protected"/>
    <fontcolor default="character" name="character-escape-invalid"/>
    <fontcolor default="identifier" name="mod-constructor-declaration">
        <font style="bold"/>
    </fontcolor>
    <fontcolor default="comment" foreColor="ffb49ece" name="html-tag">
        <font style="bold"/>
    </fontcolor>
    <fontcolor default="separator" name="separator"/>
    <fontcolor default="identifier" name="mod-enum"/>
    <fontcolor default="identifier" name="mod-local-variable-declaration"/>
    <fontcolor default="identifier" name="mod-parameter-declaration"/>
    <fontcolor name="mod-private"/>
    <fontcolor default="identifier" name="mod-enum-declaration">
        <font style="bold"/>
    </fontcolor>
    <fontcolor name="mod-static"/>
    <fontcolor default="character" name="character-escape"/>
    <fontcolor default="identifier" name="mod-class-declaration">
        <font style="bold"/>
    </fontcolor>
    <fontcolor name="mod-package-private"/>
    <fontcolor default="comment" name="comment"/>
    <fontcolor default="whitespace" name="whitespace"/>
    <fontcolor default="identifier" name="mod-constructor"/>
    <fontcolor default="field" name="mod-field-declaration"/>
</fontscolors>
