<?xml version="1.0" encoding="UTF-8"?>
<!DOCTYPE fontscolors PUBLIC "-//NetBeans//DTD Editor Fonts and Colors settings 1.1//EN" "http://www.netbeans.org/dtds/EditorFontsColors-1_1.dtd">
<fontscolors>
    <fontcolor default="identifier" foreColor="ffe5ac00" name="identifier"/>
    <fontcolor default="field" foreColor="ffcc7600" name="mod-field"/>
    <fontcolor name="mod-abstract"/>
    <fontcolor default="keyword" name="mod-keyword"/>
    <fontcolor default="string" foreColor="ffbf8c07" name="string">
        <font style="italic"/>
    </fontcolor>
    <fontcolor default="identifier" foreColor="ffd8a200" name="mod-class"/>
    <fontcolor default="method" foreColor="orange" name="mod-method"/>
    <fontcolor default="identifier" foreColor="9af2be00" name="mod-annotation-type-declaration">
        <font style="bold"/>
    </fontcolor>
    <fontcolor default="identifier" name="mod-module-declaration">
        <font style="bold"/>
    </fontcolor>
    <fontcolor default="comment" foreColor="ffe6d997" name="html-tag">
        <font style="italic"/>
    </fontcolor>
    <fontcolor default="number" foreColor="ffba8b14" name="number"/>
    <fontcolor default="identifier" foreColor="ffd8a200" name="mod-class-declaration"/>
    <fontcolor default="identifier" foreColor="abf2be00" name="mod-annotation-type"/>
    <fontcolor default="string" foreColor="fffbe8a2" name="string-escape"/>
    <fontcolor default="keyword" foreColor="ffcc5500" name="keyword"/>
    <fontcolor default="identifier" name="mod-module"/>
    <fontcolor default="field" foreColor="ffc7a03a" name="mod-field-declaration"/>
</fontscolors>
