<?xml version="1.0" encoding="UTF-8"?>
<!DOCTYPE fontscolors PUBLIC "-//NetBeans//DTD Editor Fonts and Colors settings 1.1//EN" "http://www.netbeans.org/dtds/EditorFontsColors-1_1.dtd">
<fontscolors>
    <fontcolor name="mark-occurrences" underline="gray"/>
    <fontcolor name="identifier"/>
    <fontcolor bgColor="ff2b2b2b" foreColor="ffa9b7c6" name="default">
        <font name="Consolas" size="13"/>
    </fontcolor>
    <fontcolor default="identifier" foreColor="ff5d94d6" name="method"/>
    <fontcolor foreColor="ffa3c316" name="string"/>
    <fontcolor default="keyword" foreColor="ffe89e3b" name="markup-element"/>
    <fontcolor name="warning" waveUnderlined="gray"/>
    <fontcolor name="error" waveUnderlined="ffd23737"/>
    <fontcolor foreColor="ffde5d00" name="keyword"/>
    <fontcolor default="default" foreColor="red" name="entity-reference" underline="gray"/>
</fontscolors>
