<?xml version="1.0" encoding="UTF-8"?>
<!DOCTYPE fontscolors PUBLIC "-//NetBeans//DTD Editor Fonts and Colors settings 1.1//EN" "http://www.netbeans.org/dtds/EditorFontsColors-1_1.dtd">
<fontscolors>
    <fontcolor name="mod-abstract">
        <font style="plain"/>
    </fontcolor>
    <fontcolor default="identifier" foreColor="abffc800" name="mod-annotation-type"/>
    <fontcolor default="comment" name="comment">
        <font size="12" style="plain"/>
    </fontcolor>
    <fontcolor default="keyword" foreColor="ffde7225" name="keyword"/>
</fontscolors>
