<?xml version="1.0" encoding="UTF-8"?>
<!DOCTYPE fontscolors PUBLIC "-//NetBeans//DTD Editor Fonts and Colors settings 1.1//EN" "http://www.netbeans.org/dtds/EditorFontsColors-1_1.dtd">
<fontscolors>
    <fontcolor foreColor="ffa8c023" name="org-netbeans-spi-editor-hints-parser_annotation_todo"/>
    <fontcolor bgColor="ff9d5c5c" name="Dbx_Bpt_broken"/>
    <fontcolor bgColor="ff9d5c5c" name="Dbx_Bpt_cmpx"/>
    <fontcolor bgColor="ff9d5c5c" name="ClassBreakpoint"/>
    <fontcolor name="PinnedWatch"/>
    <fontcolor bgColor="ff9d5c5c" name="Dbx_Bpt"/>
    <fontcolor bgColor="ff475772" name="Dbx_PC"/>
    <fontcolor bgColor="ff9d5c5c" name="Dbx_Bpt_cmpx_broken"/>
    <fontcolor foreColor="ffa8c023" name="org-netbeans-spi-editor-hints-parser_annotation_todo_fixable"/>
</fontscolors>
